Nome Completo,Matrícula,Identificação,Templo,Rua,Complemento,Referência,Bairro,Cidade,Estado,CEP,e-mail,Tel. Residencial,Tel. Comercial,Ramal,Celular,Pager,Data de Nascimento,Data de Casamento,Tipo Sanguíneo,CPF,RG,Sexo,Estado Civil,Nacionalidade,Naturalidade,Escolaridade,Profissão,Observações,Fotografia,Célula Familiar,Sobrenome Famíliar,Nome,Nascimento,É Membro da Igreja,Nome do Pai,É Membro da Igreja,Nome da Mãe,É Membro da Igreja,listFilhos,Data,Igreja,Pastor,Situação,Cargo Atual,Data,Modo,Origem,Data,Modo,DestinoAa,Aa,Aa,Aa,Masculino,Aa,Aa,Aa,Aa,Aa,Aa,Aa,Aa,Aa,Aa,Aa,Aa,Aa,Aa,Aa,Aa,Aa
Aa,Aa,Aa,Aa,Masculino,Aa,Aa,Aa,Aa,Aa,Aa,Aa,Aa,Aa,Aa,Aa,Aa,Aa,Aa,Aa,Aa,Aa
Bb,Bb,Bb,Bb,Masculino,Bb,Bb,Bb,Bb,Bb,Bb,Bb,Bb,Bb,Bb,Bb,Bb,Bb,Bb,Bb,Bb,Bb
Aa,Aa,Aa,Aa,Masculino,Aa,Aa,Aa,Aa,Aa,Aa,Aa,Aa,Aa,Aa,Aa,Aa,Aa,Aa,Aa,Aa,Aa
,,,,Masculino,,,,,,,,,,,,,,,,,
,,,,Masculino,,,,,,,,,,,,,,,,,
,,,,Masculino,,,,,,,,,,,,,,,,,
,,,,Masculino,,,,,,,,,,,,,,,,,
,,,,Masculino,,,,,,,,,,,,,,,,,
,,,,Masculino,,,,,,,,,,,,,,,,,
