Nome Completo,Matrícula,Identificação,Templo,Rua,Complemento,Referência,Bairro,Cidade,Estado,CEP,e-mail,Tel. Residencial,Tel. Comercial,Ramal,Celular,Pager,Data de Nascimento,Data de Casamento,Tipo Sanguíneo,CPF,RG,Sexo,Estado Civil,Nacionalidade,Naturalidade,Escolaridade,Profissão,Observações,Fotografia,Célula Familiar,Sobrenome Famíliar,Nome,Nascimento,É Membro da Igreja,Nome do Pai,É Membro da Igreja,Nome da Mãe,É Membro da Igreja,listFilhos,Data,Igreja,Pastor,Situação,Cargo Atual,Data,Modo,Origem,Data,Modo,Destino
aa,aa,aa,aa,aa,aa,aa,aa,aa,aa,aa,aa,aa,aa,aa,aa,aa,aa,aa,aa,aa,aa,aa,aa,aa,aa,aa,aa,aa,aa,aa,aa,aa,aa,aa,aa,aa,aa,aa,aa,aa,aa,aa,aa,aa,aa,aa,aa,aa,aa,aa
bb,bb,bb,bb,bb,bb,bb,bb,bb,bb,bb,bb,bb,bb,bb,bb,bb,bb,bb,bb,bb,bb,bb,bb,bb,bb,bb,bb,bb,bb,bb,bb,bb,bb,bb,bb,bb,bb,bb,bb,bb,bb,bb,bb,bb,bb,bb,bb,bb,bb,bb
cc,cc,cc,cc,cc,cc,cc,cc,cc,cc,cc,cc,cc,cc,cc,cc,cc,cc,cc,cc,cc,cc,cc,cc,cc,cc,cc,cc,cc,cc,cc,cc,cc,cc,cc,cc,cc,cc,cc,cc,cc,cc,cc,cc,cc,cc,cc,cc,cc,cc,cc
dd,dd,dd,dd,dd,dd,dd,dd,dd,dd,dd,dd,dd,dd,dd,dd,dd,dd,dd,dd,dd,dd,dd,dd,dd,dd,dd,dd,dd,dd,dd,dd,dd,dd,dd,dd,dd,dd,dd,dd,dd,dd,dd,dd,dd,dd,dd,dd,dd,dd,dd
ee,ee,ee,ee,ee,ee,ee,ee,ee,ee,ee,ee,ee,ee,ee,ee,ee,ee,ee,ee,ee,ee,ee,ee,ee,ee,ee,ee,ee,ee,ee,ee,ee,ee,ee,ee,ee,ee,ee,ee,ee,ee,ee,ee,ee,ee,ee,ee,ee,ee,ee
ff,ff,ff,ff,ff,ff,ff,ff,ff,ff,ff,ff,ff,ff,ff,ff,ff,ff,ff,ff,ff,ff,ff,ff,ff,ff,ff,ff,ff,ff,ff,ff,ff,ff,ff,ff,ff,ff,ff,ff,ff,ff,ff,ff,ff,ff,ff,ff,ff,ff,ff
gg,gg,gg,gg,gg,gg,gg,gg,gg,gg,gg,gg,gg,gg,gg,gg,gg,gg,gg,gg,gg,gg,gg,gg,gg,gg,gg,gg,gg,gg,gg,gg,gg,gg,gg,gg,gg,gg,gg,gg,gg,gg,gg,gg,gg,gg,gg,gg,gg,gg,gg
hh,hh,hh,hh,hh,hh,hh,hh,hh,hh,hh,hh,hh,hh,hh,hh,hh,hh,hh,hh,hh,hh,hh,hh,hh,hh,hh,hh,hh,hh,hh,hh,hh,hh,hh,hh,hh,hh,hh,hh,hh,hh,hh,hh,hh,hh,hh,hh,hh,hh,hh
ii,ii,ii,ii,ii,ii,ii,ii,ii,ii,ii,ii,ii,ii,ii,ii,ii,ii,ii,ii,ii,ii,ii,ii,ii,ii,ii,ii,ii,ii,ii,ii,ii,ii,ii,ii,ii,ii,ii,ii,ii,ii,ii,ii,ii,ii,ii,ii,ii,ii,ii
jj,jj,jj,jj,jj,jj,jj,jj,jj,jj,jj,jj,jj,jj,jj,jj,jj,jj,jj,jj,jj,jj,jj,jj,jj,jj,jj,jj,jj,jj,jj,jj,jj,jj,jj,jj,jj,jj,jj,jj,jj,jj,jj,jj,jj,jj,jj,jj,jj,jj,jj
kk,kk,kk,kk,kk,kk,kk,kk,kk,kk,kk,kk,kk,kk,kk,kk,kk,kk,kk,kk,kk,kk,kk,kk,kk,kk,kk,kk,kk,kk,kk,kk,kk,kk,kk,kk,kk,kk,kk,kk,kk,kk,kk,kk,kk,kk,kk,kk,kk,kk,kk
ll,ll,ll,ll,ll,ll,ll,ll,ll,ll,ll,ll,ll,ll,ll,ll,ll,ll,ll,ll,ll,ll,ll,ll,ll,ll,ll,ll,ll,ll,ll,ll,ll,ll,ll,ll,ll,ll,ll,ll,ll,ll,ll,ll,ll,ll,ll,ll,ll,ll,ll
mm,mm,mm,mm,mm,mm,mm,mm,mm,mm,mm,mm,mm,mm,mm,mm,mm,mm,mm,mm,mm,mm,mm,mm,mm,mm,mm,mm,mm,mm,mm,mm,mm,mm,mm,mm,mm,mm,mm,mm,mm,mm,mm,mm,mm,mm,mm,mm,mm,mm,mm
nn,nn,nn,nn,nn,nn,nn,nn,nn,nn,nn,nn,nn,nn,nn,nn,nn,nn,nn,nn,nn,nn,nn,nn,nn,nn,nn,nn,nn,nn,nn,nn,nn,nn,nn,nn,nn,nn,nn,nn,nn,nn,nn,nn,nn,nn,nn,nn,nn,nn,nn
oo,oo,oo,oo,oo,oo,oo,oo,oo,oo,oo,oo,oo,oo,oo,oo,oo,oo,oo,oo,oo,oo,oo,oo,oo,oo,oo,oo,oo,oo,oo,oo,oo,oo,oo,oo,oo,oo,oo,oo,oo,oo,oo,oo,oo,oo,oo,oo,oo,oo,oo
pp,pp,pp,pp,pp,pp,pp,pp,pp,pp,pp,pp,pp,pp,pp,pp,pp,pp,pp,pp,pp,pp,pp,pp,pp,pp,pp,pp,pp,pp,pp,pp,pp,pp,pp,pp,pp,pp,pp,pp,pp,pp,pp,pp,pp,pp,pp,pp,pp,pp,pp
qq,qq,qq,qq,qq,qq,qq,qq,qq,qq,qq,qq,qq,qq,qq,qq,qq,qq,qq,qq,qq,qq,qq,qq,qq,qq,qq,qq,qq,qq,qq,qq,qq,qq,qq,qq,qq,qq,qq,qq,qq,qq,qq,qq,qq,qq,qq,qq,qq,qq,qq
rr,rr,rr,rr,rr,rr,rr,rr,rr,rr,rr,rr,rr,rr,rr,rr,rr,rr,rr,rr,rr,rr,rr,rr,rr,rr,rr,rr,rr,rr,rr,rr,rr,rr,rr,rr,rr,rr,rr,rr,rr,rr,rr,rr,rr,rr,rr,rr,rr,rr,rr
ss,ss,ss,ss,ss,ss,ss,ss,ss,ss,ss,ss,ss,ss,ss,ss,ss,ss,ss,ss,ss,ss,ss,ss,ss,ss,ss,ss,ss,ss,ss,ss,ss,ss,ss,ss,ss,ss,ss,ss,ss,ss,ss,ss,ss,ss,ss,ss,ss,ss,ss
tt,tt,tt,tt,tt,tt,tt,tt,tt,tt,tt,tt,tt,tt,tt,tt,tt,tt,tt,tt,tt,tt,tt,tt,tt,tt,tt,tt,tt,tt,tt,tt,tt,tt,tt,tt,tt,tt,tt,tt,tt,tt,tt,tt,tt,tt,tt,tt,tt,tt,tt
uu,uu,uu,uu,uu,uu,uu,uu,uu,uu,uu,uu,uu,uu,uu,uu,uu,uu,uu,uu,uu,uu,uu,uu,uu,uu,uu,uu,uu,uu,uu,uu,uu,uu,uu,uu,uu,uu,uu,uu,uu,uu,uu,uu,uu,uu,uu,uu,uu,uu,uu
vv,vv,vv,vv,vv,vv,vv,vv,vv,vv,vv,vv,vv,vv,vv,vv,vv,vv,vv,vv,vv,vv,vv,vv,vv,vv,vv,vv,vv,vv,vv,vv,vv,vv,vv,vv,vv,vv,vv,vv,vv,vv,vv,vv,vv,vv,vv,vv,vv,vv,vv
ww,ww,ww,ww,ww,ww,ww,ww,ww,ww,ww,ww,ww,ww,ww,ww,ww,ww,ww,ww,ww,ww,ww,ww,ww,ww,ww,ww,ww,ww,ww,ww,ww,ww,ww,ww,ww,ww,ww,ww,ww,ww,ww,ww,ww,ww,ww,ww,ww,ww,ww
xx,xx,xx,xx,xx,xx,xx,xx,xx,xx,xx,xx,xx,xx,xx,xx,xx,xx,xx,xx,xx,xx,xx,xx,xx,xx,xx,xx,xx,xx,xx,xx,xx,xx,xx,xx,xx,xx,xx,xx,xx,xx,xx,xx,xx,xx,xx,xx,xx,xx,xx
yy,yy,yy,yy,yy,yy,yy,yy,yy,yy,yy,yy,yy,yy,yy,yy,yy,yy,yy,yy,yy,yy,yy,yy,yy,yy,yy,yy,yy,yy,yy,yy,yy,yy,yy,yy,yy,yy,yy,yy,yy,yy,yy,yy,yy,yy,yy,yy,yy,yy,yy
zz,zz,zz,zz,zz,zz,zz,zz,zz,zz,zz,zz,zz,zz,zz,zz,zz,zz,zz,zz,zz,zz,zz,zz,zz,zz,zz,zz,zz,zz,zz,zz,zz,zz,zz,zz,zz,zz,zz,zz,zz,zz,zz,zz,zz,zz,zz,zz,zz,zz,zz